变量 Variable,值 Value
年龄（岁）,
性别（男/女）,
IVIG前最高体温（°C）,
IVIG时发热天数（天）,
IVIG时皮疹天数（天）,
皮疹（有=1/无=0）,
结膜充血（有=1/无=0）,
草莓舌（有=1/无=0）,
口唇皲裂（有=1/无=0）,
口腔粘膜改变（有=1/无=0）,
颈部淋巴结肿大（有=1/无=0）,
手足硬肿（有=1/无=0）,
肢端脱皮（有=1/无=0）,
指趾端改变（有=1/无=0）,
IVIG前白细胞（10⁹/L）,
IVIG前中性粒细胞百分比（%）,
IVIG前淋巴细胞百分比（%）,
单核细胞百分数（%）,
IVIG前血红蛋白（g/L）,
IVIG前血小板（10⁹/L）,
IVIG前C反应蛋白（mg/L）,
血沉（mm/h）,
降钙素原（ng/mL）,
铁蛋白（ng/mL）,
谷丙转氨酶（U/L）,
谷草转氨酶（U/L）,
白蛋白（g/L）,
总胆红素（µmol/L）,
直接胆红素（µmol/L）,
肌酐（µmol/L）,
尿素氮（mmol/L）,
尿酸（µmol/L）,
钠（mmol/L）,
钾（mmol/L）,
PT（s）,
APTT（s）,
纤维蛋白原（g/L）,
CD4+T细胞绝对值（cells/µL）,
CD8+T细胞绝对值（cells/µL）,
CD4/CD8比值,
CD19+B细胞绝对值（cells/µL）,
乳酸脱氢酶（U/L）,
CK-MB（U/L）,
NT-proBNP（pg/mL）,
